date,liberal,liberal_strength,liberal_file,liberal_title,conservative,conservative_strength,conservative_file,conservative_title
2011-01-01,0,0,,,0,0,,
2011-01-02,0,0,,,5,1.4795313842380038,547d731f503b0b25cceb2a3f,The Failure of Liberalism Part 1
2011-01-03,0,0,,,0,0,,
2011-01-04,0,0,,,0,0,,
2011-01-05,0,0,,,0,0.9167974087894419,,
2011-01-06,0,0,,,0,0.996542256260728,,
2011-01-07,0,0,,,0,0.9979775329469079,,
2011-01-08,0,0,,,0,0,,
2011-01-09,0,0,,,0,1.0626646208849562,,
2011-01-10,0,0,,,216,0.9790016361046415,547ddcc0503b0b28339c7b8e,Idiocracy: Conservatives who say  job-killing  are spreading hate
2011-01-11,0,0,,,0,0,,
2011-01-12,0,0,,,0,0,,
2011-01-13,0,0,,,0,0,,
2011-01-14,0,0,,,0,0.9985510687246205,,
2011-01-15,0,0,,,0,0,,
2011-01-16,0,0,,,0,0,,
2011-01-17,0,0,,,0,0.9952045960303257,,
2011-01-18,0,0,,,0,0,,
2011-01-19,0,0,,,300,1.201680765901364,547ddcbf503b0b28339c7b8d,"Civility Watch: Nazis and crosshairs and killers, oh my; Update: Democrat Rep. Cohen doubles down on Nazi/KKK smears"
2011-01-20,0,0,,,0,0,,
2011-01-21,0,0,,,0,0.9623034169978302,,
2011-01-22,0,0,,,0,0,,
2011-01-23,0,0,,,0,0,,
2011-01-24,0,0,,,0,0,,
2011-01-25,0,0,,,0,0,,
2011-01-26,0,0,,,0,0,,
2011-01-27,0,0,,,0,0,,
2011-01-28,0,0,,,0,0,,
2011-01-29,0,0,,,0,0,,
2011-01-30,0,0,,,0,0,,
2011-01-31,0,0,,,0,0,,
2011-02-01,0,0,,,0,0,,
2011-02-02,0,0,,,0,0.9929172237200612,,
2011-02-03,0,0,,,0,0,,
2011-02-04,0,0,,,0,0.82019070882504,,
2011-02-05,0,0,,,0,0,,
2011-02-06,0,0,,,0,0,,
2011-02-07,0,0,,,489,2.464234046367155,547ddcbf503b0b28339c7b8c,Obama & the U.S. Chamber of Commerce: Bad romance; Update: Fruitcake and sweet talk; plus: O s What You Must Do For Me moment
2011-02-08,0,0,,,0,0,,
2011-02-09,0,0,,,0,0,,
2011-02-10,0,0,,,0,1.521701395308325,,
2011-02-11,0,0,,,0,0,,
2011-02-12,0,0,,,0,0,,
2011-02-13,0,0,,,0,0,,
2011-02-14,0,0,,,0,0.9576963452305427,,
2011-02-15,0,0,,,0,0,,
2011-02-16,0,0,,,0,1.8574200621749732,,
2011-02-17,0,0,,,0,0,,
2011-02-18,0,0,,,0,0.9943704941153528,,
2011-02-19,0,0,,,0,0,,
2011-02-20,0,0,,,0,0,,
2011-02-21,0,0,,,0,0,,
2011-02-22,0,0,,,0,0,,
2011-02-23,0,0,,,0,0,,
2011-02-24,0,0,,,0,1.9281369212624524,,
2011-02-25,0,0,,,0,0,,
2011-02-26,0,0,,,0,0,,
2011-02-27,0,0,,,0,0,,
2011-02-28,0,0,,,0,0,,
2011-03-01,0,0,,,0,0,,
2011-03-02,0,0,,,0,0,,
2011-03-03,0,0,,,0,0,,
2011-03-04,0,0,,,0,0,,
2011-03-05,0,0,,,0,0,,
2011-03-06,0,0,,,0,0,,
2011-03-07,0,0,,,0,0,,
2011-03-08,0,0,,,0,1.0153750710086098,,
2011-03-09,0,0,,,0,0,,
2011-03-10,0,0,,,0,0,,
2011-03-11,0,0,,,0,0,,
2011-03-12,0,0,,,0,0,,
2011-03-13,0,0,,,0,0,,
2011-03-14,0,0,,,0,0,,
2011-03-15,0,0,,,0,0,,
2011-03-16,0,0,,,0,0,,
2011-03-17,0,0,,,0,1.0181011566682205,,
2011-03-18,0,0,,,0,0,,
2011-03-19,0,0,,,0,0,,
2011-03-20,0,0,,,0,0,,
2011-03-21,0,0,,,0,0,,
2011-03-22,0,0,,,0,0,,
2011-03-23,0,0,,,0,0,,
2011-03-24,0,0,,,0,0,,
2011-03-25,0,0,,,0,0,,
2011-03-26,0,0,,,0,1.1930380028860856,,
2011-03-27,0,0,,,0,0,,
2011-03-28,0,0,,,1,1.0311629219685963,547d7308503b0b25cceb2a32,Obama Administration Gives Guns to Mexican Hitmen
2011-03-29,0,0,,,0,0,,
2011-03-30,0,0,,,0,0,,
2011-03-31,0,0,,,0,0.9301821970782135,,
2011-04-01,0,0,,,0,0,,
2011-04-02,0,0,,,0,0,,
2011-04-03,0,0,,,0,0,,
2011-04-04,0,0,,,0,0,,
2011-04-05,0,0,,,0,0,,
2011-04-06,0,0,,,0,0,,
2011-04-07,0,0,,,0,0,,
2011-04-08,0,0,,,0,0,,
2011-04-09,0,0,,,0,0.9868864191268475,,
2011-04-10,0,0,,,0,1.5660199359530407,,
2011-04-11,0,0,,,0,0,,
2011-04-12,0,0,,,0,0.9685189799415863,,
2011-04-13,0,0,,,0,0,,
2011-04-14,0,0,,,0,0,,
2011-04-15,0,0,,,0,0,,
2011-04-16,0,0,,,0,0,,
2011-04-17,0,0,,,0,0,,
2011-04-18,0,0,,,0,0,,
2011-04-19,0,0,,,0,0,,
2011-04-20,0,0,,,0,0,,
2011-04-21,0,0,,,0,0.9821247761346878,,
2011-04-22,0,0,,,0,0,,
2011-04-23,0,0,,,0,0,,
2011-04-24,0,0,,,0,0,,
2011-04-25,0,0,,,0,0,,
2011-04-26,0,0,,,0,0,,
2011-04-27,0,0,,,1091,1.4735748505537711,547ddcbe503b0b28339c7b8b,Finally: Catholic Church suspends rogue Chicago Rev. Michael Pfleger
2011-04-28,0,0,,,0,0.9990650355061192,,
2011-04-29,0,0,,,468,2.0449532031382462,547d7303503b0b25cceb2a2c,What does  Constitutional conservative  mean?
2011-04-30,0,0,,,0,0,,
2011-05-01,0,0,,,0,1.0318827246421192,,
2011-05-02,0,0,,,0,0,,
2011-05-03,0,0,,,0,0,,
2011-05-04,0,0,,,1,1.999466168299568,547d7300503b0b25cceb2a29,A conservative transformation in Canada
2011-05-05,0,0,,,0,0,,
2011-05-06,0,0,,,0,0,,
2011-05-07,0,0,,,0,1.0143741106797215,,
2011-05-08,0,0,,,0,1.0144829324729498,,
2011-05-09,0,0,,,0,0,,
2011-05-10,0,0,,,0,2.0279306850346526,,
2011-05-11,0,0,,,407,3.0267963832240077,547ddc30503b0b28339c7acb,The Amnesty Bandwagon Rides Again
2011-05-12,0,0,,,0,3.064626060689533,,
2011-05-13,0,0,,,0,0,,
2011-05-14,0,0,,,0,1.3235345377336833,,
2011-05-15,0,0,,,0,0.9143106473756495,,
2011-05-16,0,0,,,0,0,,
2011-05-17,0,0,,,0,0,,
2011-05-18,0,0,,,3,1.6721941447227997,547d6cd0503b0b25cceb2605,What Illegal Immigration is Costing America/Americans
2011-05-19,0,0,,,0,0.9683036101536577,,
2011-05-20,0,0,,,83,2.846738283991886,547ddc2f503b0b28339c7aca,Aw: Free Press Hampering Lindsey Graham s Efforts
2011-05-21,0,0,,,0,0,,
2011-05-22,0,0,,,0,0,,
2011-05-23,0,0,,,0,0,,
2011-05-24,0,0,,,0,0,,
2011-05-25,0,0,,,0,0.9926038404088007,,
2011-05-26,0,0,,,318,1.6318401617000764,547ddc17503b0b28339c7aa5,Supreme Court upholds Arizona illegal immigration sanctions
2011-05-27,0,0,,,0,0,,
2011-05-28,0,0,,,0,0,,
2011-05-29,0,0,,,1373,1.6222758907899517,547ddc2f503b0b28339c7ac9,DNC Chair: Republicans Want to Make it a Crime to Be An  Undocumented Immigrant 
2011-05-30,0,0,,,0,0,,
2011-05-31,0,0,,,0,0,,
2011-06-01,0,0,,,0,0,,
2011-06-02,0,0,,,0,0,,
2011-06-03,0,0,,,0,0,,
2011-06-04,0,0,,,0,0,,
2011-06-05,0,0,,,0,0,,
2011-06-06,0,0,,,0,1.1028354235001052,,
2011-06-07,0,0,,,0,0,,
2011-06-08,0,0,,,0,0,,
2011-06-09,0,0,,,0,1.0144052486352397,,
2011-06-10,0,0,,,0,0,,
2011-06-11,0,0,,,0,0,,
2011-06-12,0,0,,,0,0,,
2011-06-13,0,0,,,0,0,,
2011-06-14,0,0,,,0,1.3320815040288227,,
2011-06-15,0,0,,,0,0,,
2011-06-16,0,0,,,1,1.0062993953927923,547d72f0503b0b25cceb2a22,The Fordham Foundation Yet Again Pretends to Lean Right to Attack Rick Perry From the Left
2011-06-17,0,0,,,0,0,,
2011-06-18,0,0,,,0,1.0522133205422153,,
2011-06-19,0,0,,,0,1.4979254337344057,,
2011-06-20,0,0,,,0,0,,
2011-06-21,0,0,,,0,0,,
2011-06-22,0,0,,,480,1.2071644132474464,547ddcbd503b0b28339c7b8a,Jon Huntsman: McCain on Wheels
2011-06-23,0,0,,,0,0,,
2011-06-24,0,0,,,0,0,,
2011-06-25,0,0,,,0,0,,
2011-06-26,0,0,,,0,1.108831321823299,,
2011-06-27,0,0,,,0,0,,
2011-06-28,0,0,,,0,0,,
2011-06-29,0,0,,,0,0.9355453491257338,,
2011-06-30,0,0,,,0,0,,
2011-07-01,0,0,,,0,0,,
2011-07-02,0,0,,,0,1.0179566383725525,,
2011-07-03,0,0,,,0,0,,
2011-07-04,0,0,,,0,0,,
2011-07-05,0,0,,,0,0,,
2011-07-06,0,0,,,0,0,,
2011-07-07,0,0,,,0,0,,
2011-07-08,0,0,,,0,0,,
2011-07-09,0,0,,,0,0,,
2011-07-10,0,0,,,0,1.4527194452931433,,
2011-07-11,0,0,,,0,0,,
2011-07-12,0,0,,,0,0,,
2011-07-13,0,0,,,0,0,,
2011-07-14,0,0,,,0,0.9080084933740231,,
2011-07-15,0,0,,,0,0,,
2011-07-16,0,0,,,0,0,,
2011-07-17,0,0,,,0,1.368507901047235,,
2011-07-18,0,0,,,168,1.2539301232023572,547ddc2e503b0b28339c7ac8,The truth about deportation
2011-07-19,0,0,,,0,0,,
2011-07-20,0,0,,,0,0,,
2011-07-21,0,0,,,0,0,,
2011-07-22,0,0,,,0,0,,
2011-07-23,0,0,,,0,0,,
2011-07-24,0,0,,,0,0,,
2011-07-25,0,0,,,0,0,,
2011-07-26,0,0,,,0,0,,
2011-07-27,0,0,,,0,0.9537008099981421,,
2011-07-28,0,0,,,0,1.1346161809590087,,
2011-07-29,0,0,,,0,1.0047372670526058,,
2011-07-30,0,0,,,0,0,,
2011-07-31,0,0,,,0,0,,
2011-08-01,0,0,,,0,0,,
2011-08-02,0,0,,,0,0,,
2011-08-03,0,0,,,0,0,,
2011-08-04,0,0,,,0,0,,
2011-08-05,0,0,,,0,0,,
2011-08-06,0,0,,,0,0,,
2011-08-07,0,0,,,0,0,,
2011-08-08,0,0,,,0,0,,
2011-08-09,0,0,,,0,0,,
2011-08-10,0,0,,,0,0.9345047936087221,,
2011-08-11,0,0,,,0,0,,
2011-08-12,0,0,,,0,1.025907528062421,,
2011-08-13,0,0,,,0,0,,
2011-08-14,0,0,,,14,1.360076005253149,547d6fbc503b0b25cceb27fa,(Update) Eighteen (18) things that critics are saying about Rick Perry
2011-08-15,0,0,,,0,0,,
2011-08-16,0,0,,,0,0,,
2011-08-17,0,0,,,0,0,,
2011-08-18,0,0,,,1197,1.9701146636831477,547ddcbc503b0b28339c7b89,Plumbing the rest of the Perry record
2011-08-19,0,0,,,8,0.9380444408184798,547d6fbb503b0b25cceb27f9,Obama Administration Granting De Facto Amnesty For Millions Of Illegals
2011-08-20,0,0,,,1,0.9814967444043421,547d6fb1503b0b25cceb27f8,An Agressive Conservative Agenda
2011-08-21,0,0,,,0,0,,
2011-08-22,0,0,,,161,2.305213871867678,547ddc2e503b0b28339c7ac7,White House deportation waivers by executive fiat
2011-08-23,0,0,,,0,0,,
2011-08-24,0,0,,,0,0,,
2011-08-25,0,0,,,1,1.5723378651061417,547d72d2503b0b25cceb2a13,Buffett Bails Out Bank of America with Billions
2011-08-26,0,0,,,0,0,,
2011-08-27,0,0,,,0,0,,
2011-08-28,0,0,,,0,0,,
2011-08-29,0,0,,,0,0,,
2011-08-30,0,0,,,894,2.220358495498239,547ddc2d503b0b28339c7ac6,Another deportation fugitive in the Obama family
2011-08-31,0,0,,,0,0,,
2011-09-01,0,0,,,0,0,,
2011-09-02,0,0,,,0,0,,
2011-09-03,0,0,,,0,0.9976350021141592,,
2011-09-04,0,0,,,7,1.0231631587014869,547d6fb1503b0b25cceb27f7,Rick Perry is Amnesty for Illegals Waiting to Happen
2011-09-05,0,0,,,1,1.1424414936469267,547d72d0503b0b25cceb2a10,Some early electoral college math
2011-09-06,0,0,,,0,1.2506713226478703,,
2011-09-07,0,0,,,0,0,,
2011-09-08,0,0,,,0,0,,
2011-09-09,0,0,,,0,1.3232332948406307,,
2011-09-10,0,0,,,0,0,,
2011-09-11,0,0,,,0,0,,
2011-09-12,0,0,,,350,2.2582108934377025,547ddcbb503b0b28339c7b88,A few more words about Koward Krugman Update: Take two!
2011-09-13,0,0,,,0,1.491629145677975,,
2011-09-14,0,0,,,0,0,,
2011-09-15,0,0,,,4,1.0165996768274694,547d72cc503b0b25cceb2a0b,"The Horserace for September 15, 2011"
2011-09-16,0,0,,,0,0,,
2011-09-17,0,0,,,0,2.328968651869634,,
2011-09-18,0,0,,,0,0,,
2011-09-19,0,0,,,0,0,,
2011-09-20,0,0,,,466,0.9991437062989159,547ddc2c503b0b28339c7ac5,"Texas Tea Party activists to Perry: Hey, what about our borders?"
2011-09-21,0,0,,,1,1.245387443776366,547d72c9503b0b25cceb2a07,Stop Obama s Surrender of American Sovereignty! Support the HALT Act.
2011-09-22,0,0,,,0,1.1483749077178662,,
2011-09-23,0,0,,,0,0.9883958488010963,,
2011-09-24,0,0,,,0,0,,
2011-09-25,0,0,,,0,0,,
2011-09-26,0,0,,,3,1.8813427292637808,547d72bc503b0b25cceb2a05,"Steve Foley, Congressman?"
2011-09-27,0,0,,,0,0.9364576550683762,,
2011-09-28,0,0,,,0,0,,
2011-09-29,0,0,,,0,0,,
2011-09-30,0,0,,,0,1.2355302823608818,,
2011-10-01,0,0,,,0,0,,
2011-10-02,0,0,,,0,0,,
2011-10-03,0,0,,,0,0,,
2011-10-04,0,0,,,0,0.9342481963773888,,
2011-10-05,0,0,,,0,0,,
2011-10-06,0,0,,,0,0,,
2011-10-07,0,0,,,0,0,,
2011-10-08,0,0,,,0,0,,
2011-10-09,0,0,,,0,0,,
2011-10-10,0,0,,,0,1.2800620192782801,,
2011-10-11,0,0,,,0,0,,
2011-10-12,0,0,,,205,0.9439371103463884,547ddcbb503b0b28339c7b87,"Fast and Furious update: Cranking up the pressure, plus DOJ gets the Misfit Politics treatment; UPDATE: New subpoena issued today"
2011-10-13,0,0,,,0,1.1600896196080415,,
2011-10-14,0,0,,,0,0,,
2011-10-15,0,0,,,0,0,,
2011-10-16,0,0,,,0,0,,
2011-10-17,0,0,,,685,1.4644385893282308,547ddcb9503b0b28339c7b86,GOP 2012: The Hold Your Nose Tracker
2011-10-18,0,0,,,81,0.9462041504785556,547ddcb8503b0b28339c7b85,Fight Club: GOP candidates brawl on CNN
2011-10-19,0,0,,,0,0,,
2011-10-20,0,0,,,0,0,,
2011-10-21,0,0,,,0,0,,
2011-10-22,0,0,,,0,0,,
2011-10-23,0,0,,,0,0,,
2011-10-24,0,0,,,0,0,,
2011-10-25,0,0,,,0,0.9799055267366321,,
2011-10-26,0,0,,,0,0,,
2011-10-27,0,0,,,0,0,,
2011-10-28,0,0,,,0,1.188859765339058,,
2011-10-29,0,0,,,0,0.9689529509829036,,
2011-10-30,0,0,,,0,0,,
2011-10-31,0,0,,,13,0.9711859914956865,547d72af503b0b25cceb29f9,Mitt Romney: The Magically Malleable Man of Mystery
2011-11-01,0,0,,,0,0,,
2011-11-02,0,0,,,0,0,,
2011-11-03,0,0,,,0,0,,
2011-11-04,0,0,,,0,0,,
2011-11-05,0,0,,,0,0.9941504577281333,,
2011-11-06,0,0,,,0,0,,
2011-11-07,0,0,,,0,0,,
2011-11-08,0,0,,,3,1.0078653831633635,547d72ad503b0b25cceb29f7,It s Tuesday. Don t Forget To Go Vote Today.
2011-11-09,0,0,,,27,1.1841993037165304,547ddcb8503b0b28339c7b84,Mixed bag: Election post-mortem
2011-11-10,0,0,,,0,0,,
2011-11-11,0,0,,,0,0,,
2011-11-12,0,0,,,0,0,,
2011-11-13,0,0,,,0,0,,
2011-11-14,0,0,,,0,0,,
2011-11-15,0,0,,,0,0,,
2011-11-16,0,0,,,0,0,,
2011-11-17,0,0,,,0,0,,
2011-11-18,0,0,,,201,0.9559481243690767,547ddcb7503b0b28339c7b83,"Who s afraid of a Tea Party panel?, Part II: What the Fishwrap of Record didn t tell you"
2011-11-19,0,0,,,0,0,,
2011-11-20,0,0,,,6,0.7944703717759443,547d729b503b0b25cceb29f5,Rick Perry in the Arena
2011-11-21,0,0,,,0,0,,
2011-11-22,0,0,,,0,0,,
2011-11-23,0,0,,,6,1.9445703423850982,547d6faa503b0b25cceb27ee,"What An Angry, Conservative Belgian Could Tell The GOP."
2011-11-24,0,0,,,0,0,,
2011-11-25,0,0,,,0,0,,
2011-11-26,0,0,,,0,0,,
2011-11-27,0,0,,,0,0,,
2011-11-28,0,0,,,0,0.9796176393778735,,
2011-11-29,0,0,,,0,0,,
2011-11-30,0,0,,,0,0,,
2011-12-01,0,0,,,0,0,,
2011-12-02,0,0,,,0,0,,
2011-12-03,0,0,,,0,0,,
2011-12-04,0,0,,,0,0.974339247916725,,
2011-12-05,0,0,,,0,0,,
2011-12-06,0,0,,,0,0,,
2011-12-07,0,0,,,0,0.9034305966218417,,
2011-12-08,0,0,,,0,0,,
2011-12-09,0,0,,,0,0,,
2011-12-10,0,0,,,0,0,,
2011-12-11,0,0,,,0,0,,
2011-12-12,0,0,,,0,0,,
2011-12-13,0,0,,,0,0.9778444207029633,,
2011-12-14,0,0,,,897,0.8725930690109657,547ddcb6503b0b28339c7b82,The murder of Border Patrol Agent Brian Terry: One year ago today
2011-12-15,0,0,,,0,0,,
2011-12-16,0,0,,,0,0,,
2011-12-17,0,0,,,0,0,,
2011-12-18,0,0,,,0,0,,
2011-12-19,0,0,,,56,1.706888860377282,547d7298503b0b25cceb29f2,Don t Settle: Rick Perry for President.
2011-12-20,0,0,,,0,0,,
2011-12-21,0,0,,,0,0,,
2011-12-22,0,0,,,3,1.291163160553659,547d6fa8503b0b25cceb27eb,Marrying Rick Santorum
2011-12-23,0,0,,,0,0,,
2011-12-24,0,0,,,0,0,,
2011-12-25,0,0,,,0,0,,
2011-12-26,0,0,,,0,0,,
2011-12-27,0,0,,,0,0,,
2011-12-28,0,0,,,0,0,,
2011-12-29,0,0,,,0,1.6949105834912168,,
2011-12-30,0,0,,,0,0,,
2011-12-31,0,0,,,0,0,,
2012-01-01,0,0,,,0,0.782495497221326,,
2012-01-02,0,0,,,0,0,,
2012-01-03,0,0,,,0,0,,
2012-01-04,0,0,,,0,1.0490514841593865,,
2012-01-05,0,0,,,0,0,,
2012-01-06,0,0,,,120,1.164501294769181,547d7292503b0b25cceb29eb,What A Big Government Conservative Looks Like
2012-01-07,0,0,,,0,0,,
2012-01-08,0,0,,,0,1.586334658035828,,
2012-01-09,0,0,,,8,1.234671164849928,547d7282503b0b25cceb29e6,What a Big Government Conservative Looks Like
2012-01-10,0,0,,,0,0,,
2012-01-11,0,0,,,0,0,,
2012-01-12,0,0,,,0,1.5897906118901302,,
2012-01-13,0,0,,,0,0,,
2012-01-14,0,0,,,0,0,,
2012-01-15,0,0,,,0,1.3869566258404094,,
2012-01-16,0,0,,,0,0,,
2012-01-17,0,0,,,0,1.1261348123711974,,
2012-01-18,0,0,,,0,0,,
2012-01-19,0,0,,,0,0,,
2012-01-20,0,0,,,0,0,,
2012-01-21,0,0,,,0,0,,
2012-01-22,0,0,,,0,0,,
2012-01-23,0,0,,,0,0,,
2012-01-24,0,0,,,0,1.5437518917740762,,
2012-01-25,0,0,,,0,0,,
2012-01-26,0,0,,,0,0.9140207623449695,,
2012-01-27,0,0,,,0,0,,
2012-01-28,0,0,,,0,0,,
2012-01-29,0,0,,,0,1.2822856085971452,,
2012-01-30,0,0,,,4,1.1672297541929662,547d727c503b0b25cceb29df,Secretary Sebelius Scraps Conscience Exception for Health Plans
2012-01-31,0,0,,,0,0,,
2012-02-01,0,0,,,0,0.9619905446348254,,
2012-02-02,0,0,,,0,0,,
2012-02-03,0,0,,,0,0,,
2012-02-04,0,0,,,0,0,,
2012-02-05,0,0,,,0,0,,
2012-02-06,0,0,,,0,0,,
2012-02-07,0,0,,,0,0,,
2012-02-08,0,0,,,0,1.0102362847998871,,
2012-02-09,0,0,,,0,0,,
2012-02-10,0,0,,,2,0.9120314293687724,547d6f9a503b0b25cceb27e4,Spencer Bachus And The Insidious Poison of Corruption
2012-02-11,0,0,,,0,0,,
2012-02-12,0,0,,,0,0,,
2012-02-13,0,0,,,0,1.074701829280339,,
2012-02-14,0,0,,,0,1.0412513677816722,,
2012-02-15,0,0,,,0,0,,
2012-02-16,0,0,,,0,1.4457706203058185,,
2012-02-17,0,0,,,0,1.0142383660542116,,
2012-02-18,0,0,,,0,0,,
2012-02-19,0,0,,,0,0,,
2012-02-20,0,0,,,0,0,,
2012-02-21,0,0,,,0,0,,
2012-02-22,0,0,,,0,0,,
2012-02-23,0,0,,,0,0,,
2012-02-24,0,0,,,0,0,,
2012-02-25,0,0,,,0,0,,
2012-02-26,0,0,,,0,0,,
2012-02-27,0,0,,,191,0.9769352953836983,547ddcb6503b0b28339c7b81,"Fast and Furious follow-up: Issa, Grassley press Holder on ICE officer Jaime Zapata s murder"
2012-02-28,0,0,,,0,0,,
2012-02-29,0,0,,,0,0,,
2012-03-01,0,0,,,0,0,,
2012-03-02,0,0,,,0,0,,
2012-03-03,0,0,,,0,0,,
2012-03-04,0,0,,,0,0,,
2012-03-05,0,0,,,27,2.2175590271334573,547d7279503b0b25cceb29db,"Mitt Romney, The Unconvincing Convert"
2012-03-06,0,0,,,0,0,,
2012-03-07,0,0,,,2,1.466761050039866,547d6f96503b0b25cceb27de,Three Cheers For Rick Santorum.  None For Mitt Romney.
2012-03-08,0,0,,,0,0,,
2012-03-09,0,0,,,0,0,,
2012-03-10,0,0,,,2,1.5037989327065437,547d7278503b0b25cceb29da,Does Washington State Really Matter?
2012-03-11,0,0,,,0,0,,
2012-03-12,0,0,,,0,1.0030816838940615,,
2012-03-13,0,0,,,0,0,,
2012-03-14,0,0,,,0,0,,
2012-03-15,0,0,,,3,1.2145798772982612,547d6ccb503b0b25cceb25fd,"To elect Conservatives, the GOP needs Campaign Finance Reform"
2012-03-16,0,0,,,0,0,,
2012-03-17,0,0,,,0,0,,
2012-03-18,0,0,,,0,0,,
2012-03-19,0,0,,,0,1.0147042824292036,,
2012-03-20,0,0,,,0,0,,
2012-03-21,0,0,,,0,1.0360256616951964,,
2012-03-22,0,0,,,2,1.0685873730352518,547d6f8a503b0b25cceb27d9,Conservatives Know Mitt Romney.  That s His Problem!
2012-03-23,0,0,,,0,0,,
2012-03-24,0,0,,,0,0.9990763286155363,,
2012-03-25,0,0,,,0,0,,
2012-03-26,0,0,,,0,0,,
2012-03-27,0,0,,,0,0,,
2012-03-28,0,0,,,0,0,,
2012-03-29,0,0,,,0,0,,
2012-03-30,0,0,,,0,0,,
2012-03-31,0,0,,,0,0,,
2012-04-01,0,0,,,0,0,,
2012-04-02,0,0,,,0,0,,
2012-04-03,0,0,,,0,0,,
2012-04-04,0,0,,,0,0.9836054053503039,,
2012-04-05,0,0,,,0,0.9520676613830454,,
2012-04-06,0,0,,,0,0,,
2012-04-07,0,0,,,0,0,,
2012-04-08,0,0,,,0,0,,
2012-04-09,0,0,,,0,0,,
2012-04-10,0,0,,,0,0,,
2012-04-11,0,0,,,2395,1.934080070135344,547ddcb5503b0b28339c7b80,Don t do business with progressive appeasers
2012-04-12,0,0,,,0,0,,
2012-04-13,0,0,,,0,0,,
2012-04-14,0,0,,,0,0,,
2012-04-15,0,0,,,0,0,,
2012-04-16,0,0,,,0,0,,
2012-04-17,0,0,,,0,0,,
2012-04-18,0,0,,,0,0,,
2012-04-19,0,0,,,0,1.1937027330695802,,
2012-04-20,0,0,,,0,0,,
2012-04-21,0,0,,,669,1.1532442857423413,547ddcb4503b0b28339c7b7f,Tea Party roars: Six-term incumbent Sen. Orrin Hatch forced into primary
2012-04-22,0,0,,,1,0.9630642987370082,547d6f85503b0b25cceb27d2,The Whines of Unity and the Danger of Losing Some Objectivity
2012-04-23,0,0,,,0,0,,
2012-04-24,0,0,,,0,0,,
2012-04-25,0,0,,,0,0,,
2012-04-26,0,0,,,0,0,,
2012-04-27,0,0,,,0,0,,
2012-04-28,0,0,,,0,0,,
2012-04-29,0,0,,,0,1.2913408681393688,,
2012-04-30,0,0,,,0,1.3584796892868105,,
2012-05-01,0,0,,,0,0,,
2012-05-02,0,0,,,0,0,,
2012-05-03,0,0,,,0,1.5875552827138248,,
2012-05-04,0,0,,,0,0,,
2012-05-05,0,0,,,0,0,,
2012-05-06,0,0,,,0,0,,
2012-05-07,0,0,,,0,0,,
2012-05-08,0,0,,,0,0,,
2012-05-09,0,0,,,0,0,,
2012-05-10,0,0,,,0,0,,
2012-05-11,0,0,,,0,0,,
2012-05-12,0,0,,,0,0,,
2012-05-13,0,0,,,0,0,,
2012-05-14,0,0,,,0,0,,
2012-05-15,0,0,,,0,0,,
2012-05-16,0,0,,,0,0,,
2012-05-17,0,0,,,0,0,,
2012-05-18,0,0,,,0,0,,
2012-05-19,0,0,,,0,0,,
2012-05-20,0,0,,,0,0,,
2012-05-21,0,0,,,0,0,,
2012-05-22,0,0,,,0,0,,
2012-05-23,0,0,,,0,0,,
2012-05-24,0,0,,,2,2.332686554856225,547d7266503b0b25cceb29d4,"While Lowenthal and DeLong Bicker about how to Woo Democrats, Foley Continues to be Best Choice for #CA47"
2012-05-25,0,0,,,0,0,,
2012-05-26,0,0,,,3,1.0572408819992394,547d6f85503b0b25cceb27d1,Is Chris Christie Really Conservative?
2012-05-27,0,0,,,0,0,,
2012-05-28,0,0,,,0,0,,
2012-05-29,0,0,,,0,0,,
2012-05-30,0,0,,,0,0,,
2012-05-31,0,0,,,0,0,,
2012-06-01,0,0,,,648,1.2774203787673402,547ddcb1503b0b28339c7b7e,It s Time for Beltway Barnacle Orrin Hatch To Go
2012-06-02,0,0,,,0,0,,
2012-06-03,0,0,,,0,0,,
2012-06-04,0,0,,,0,0,,
2012-06-05,0,0,,,0,0,,
2012-06-06,0,0,,,0,0,,
2012-06-07,0,0,,,0,0,,
2012-06-08,0,0,,,0,0,,
2012-06-09,0,0,,,0,0,,
2012-06-10,0,0,,,0,0,,
2012-06-11,0,0,,,77,1.2471920968165546,547d6f84503b0b25cceb27d0,Barack Obama s 20 Most Impossibly Self-Absorbed Moments
2012-06-12,0,0,,,0,1.0244211704800645,,
2012-06-13,0,0,,,0,1.580835993623937,,
2012-06-14,0,0,,,0,2.252448317849117,,
2012-06-15,0,0,,,3,1.6235222337334994,547d6cbf503b0b25cceb25fa,Rounding Up GOP Reactions to Obama s Immigration End-Run Around Congress *UPDATE: Romney s Response*
2012-06-16,0,0,,,0,0,,
2012-06-17,0,0,,,0,0,,
2012-06-18,0,0,,,0,0,,
2012-06-19,0,0,,,5,2.371489621569232,547d6f82503b0b25cceb27cd,California State Bar Recommends Law License for Illegal Immigrant
2012-06-20,0,0,,,0,0.9989233271003399,,
2012-06-21,0,0,,,0,0,,
2012-06-22,0,0,,,0,1.1441094409937225,,
2012-06-23,0,0,,,551,1.3699285198314808,547ddcb0503b0b28339c7b7d,Eating utensils confiscated before Obama speech to Latino organization
2012-06-24,0,0,,,0,0.981448702753156,,
2012-06-25,0,0,,,4,2.850961898487726,547d6f73503b0b25cceb27c5,The Arizona Decision and What It Means
2012-06-26,0,0,,,0,1.4004634268079117,,
2012-06-27,0,0,,,0,1.0701372633760258,,
2012-06-28,0,0,,,0,0,,
2012-06-29,0,0,,,0,0,,
2012-06-30,0,0,,,0,0,,
2012-07-01,0,0,,,0,0.97113682685557,,
2012-07-02,0,0,,,0,0,,
2012-07-03,0,0,,,0,0,,
2012-07-04,0,0,,,0,0,,
2012-07-05,0,0,,,0,0,,
2012-07-06,0,0,,,0,0,,
2012-07-07,0,0,,,0,0,,
2012-07-08,0,0,,,0,1.1195154401074756,,
2012-07-09,0,0,,,0,0,,
2012-07-10,0,0,,,6,1.162517344719309,547d725f503b0b25cceb29ca,Romney extends lead among Independents to 14 percent
2012-07-11,0,0,,,57,2.1350239663255874,547d7255503b0b25cceb29c9,Can the President Refuse to Enforce or Defend a Law?
2012-07-12,0,0,,,0,0,,
2012-07-13,0,0,,,0,1.6024185900559367,,
2012-07-14,0,0,,,0,0,,
2012-07-15,0,0,,,34,1.06072211587811,547d7253503b0b25cceb29c7,President Obama s Abuse of Power
2012-07-16,0,0,,,0,1.3107470127105212,,
2012-07-17,0,0,,,0,0,,
2012-07-18,0,0,,,0,0,,
2012-07-19,0,0,,,0,0.9981005756801279,,
2012-07-20,0,0,,,0,0,,
2012-07-21,0,0,,,0,0,,
2012-07-22,0,0,,,0,0,,
2012-07-23,0,0,,,0,0,,
2012-07-24,0,0,,,0,0.9950502673647681,,
2012-07-25,0,0,,,0,0,,
2012-07-26,0,0,,,0,0,,
2012-07-27,0,0,,,0,0,,
2012-07-28,0,0,,,0,0,,
2012-07-29,0,0,,,0,0,,
2012-07-30,0,0,,,0,0,,
2012-07-31,0,0,,,0,0,,
2012-08-01,0,0,,,0,0,,
2012-08-02,0,0,,,0,0,,
2012-08-03,0,0,,,0,0,,
2012-08-04,0,0,,,0,0,,
2012-08-05,0,0,,,0,0,,
2012-08-06,0,0,,,0,0,,
2012-08-07,0,0,,,0,0,,
2012-08-08,0,0,,,0,0,,
2012-08-09,0,0,,,0,0.9636733523843585,,
2012-08-10,0,0,,,0,0,,
2012-08-11,0,0,,,0,0,,
2012-08-12,0,0,,,0,0.9634876351281676,,
2012-08-13,0,0,,,0,0,,
2012-08-14,0,0,,,0,1.0697346803522796,,
2012-08-15,0,0,,,0,0,,
2012-08-16,0,0,,,0,0,,
2012-08-17,0,0,,,13,1.0950587192608228,547d6f6f503b0b25cceb27bd,The Southern Poverty Law Center is a Defamatory Hate Organization
2012-08-18,0,0,,,0,0,,
2012-08-19,0,0,,,0,0,,
2012-08-20,0,0,,,0,0,,
2012-08-21,0,0,,,0,0,,
2012-08-22,0,0,,,0,0,,
2012-08-23,0,0,,,0,0,,
2012-08-24,0,0,,,0,0,,
2012-08-25,0,0,,,0,0,,
2012-08-26,0,0,,,0,0,,
2012-08-27,0,0,,,0,0,,
2012-08-28,0,0,,,0,0,,
2012-08-29,0,0,,,8,0.9755811162004492,547d7250503b0b25cceb29c2,Notes on Night One of the Convention
2012-08-30,0,0,,,0,0,,
2012-08-31,0,0,,,0,0,,
2012-09-01,0,0,,,0,0,,
2012-09-02,0,0,,,0,0,,
2012-09-03,0,0,,,0,0,,
2012-09-04,0,0,,,0,0,,
2012-09-05,0,0,,,0,0,,
2012-09-06,0,0,,,0,0,,
2012-09-07,0,0,,,0,0,,
2012-09-08,0,0,,,0,0,,
2012-09-09,0,0,,,0,0,,
2012-09-10,0,0,,,0,0,,
2012-09-11,0,0,,,545,2.1700841657282046,547ddcaf503b0b28339c7b7c,"9/11: Remembrance, resolve, action"
2012-09-12,0,0,,,0,0,,
2012-09-13,0,0,,,0,0,,
2012-09-14,0,0,,,0,0,,
2012-09-15,0,0,,,0,0,,
2012-09-16,0,0,,,0,0,,
2012-09-17,0,0,,,99,1.0418460750492975,547d724e503b0b25cceb29c0,Tech at Night: BRAINS; White House admits cybersecurity rule by decree is coming
2012-09-18,0,0,,,0,0,,
2012-09-19,0,0,,,0,0,,
2012-09-20,0,0,,,0,0,,
2012-09-21,0,0,,,0,1.0851540824734434,,
2012-09-22,0,0,,,0,1.0035850412390284,,
2012-09-23,0,0,,,0,0,,
2012-09-24,0,0,,,0,0.9862606701013349,,
2012-09-25,0,0,,,0,0,,
2012-09-26,0,0,,,0,0,,
2012-09-27,0,0,,,0,2.0973056605459828,,
2012-09-28,0,0,,,0,0,,
2012-09-29,0,0,,,0,1.0112608213746266,,
2012-09-30,0,0,,,0,0,,
2012-10-01,0,0,,,0,0,,
2012-10-02,0,0,,,0,0,,
2012-10-03,0,0,,,206,0.9961989280729515,547d724d503b0b25cceb29be,140 Obama Crimes
2012-10-04,0,0,,,0,0,,
2012-10-05,0,0,,,0,0,,
2012-10-06,0,0,,,0,0,,
2012-10-07,0,0,,,0,0,,
2012-10-08,0,0,,,0,0,,
2012-10-09,0,0,,,0,2.185758853200443,,
2012-10-10,0,0,,,0,0,,
2012-10-11,0,0,,,0,0,,
2012-10-12,0,0,,,0,0,,
2012-10-13,0,0,,,0,0.9614669559146385,,
2012-10-14,0,0,,,0,0,,
2012-10-15,0,0,,,0,0,,
2012-10-16,0,0,,,0,0.9347748467351142,,
2012-10-17,0,0,,,0,0.8981849155531382,,
2012-10-18,0,0,,,0,0,,
2012-10-19,0,0,,,573,0.9960722680047713,547d6f5c503b0b25cceb27b2,Obama s Support Among Young Voters Craters
2012-10-20,0,0,,,0,0,,
2012-10-21,0,0,,,0,0,,
2012-10-22,0,0,,,0,0.9533937898811571,,
2012-10-23,0,0,,,0,0,,
2012-10-24,0,0,,,247,1.998938119197462,547d6f5a503b0b25cceb27af,Barack Obama s Potemkin Bipartisanship
2012-10-25,0,0,,,0,0,,
2012-10-26,0,0,,,0,0,,
2012-10-27,0,0,,,0,0,,
2012-10-28,0,0,,,0,0,,
2012-10-29,0,0,,,3,0.8751869755015025,547d6f5a503b0b25cceb27ae,A Dark Fifth Column Within The Catholic Social Justice Movement
2012-10-30,0,0,,,0,0,,
2012-10-31,0,0,,,0,0,,
2012-11-01,0,0,,,0,0.9685699214080683,,
2012-11-02,0,0,,,0,1.02421251226869,,
2012-11-03,0,0,,,0,1.3940242635311175,,
2012-11-04,0,0,,,0,0,,
2012-11-05,0,0,,,0,0,,
2012-11-06,0,0,,,0,0,,
2012-11-07,0,0,,,3359,2.1490079902093266,547d723f503b0b25cceb29b8,Status Quo Ante
2012-11-08,0,0,,,44,3.116419397803646,547d723c503b0b25cceb29b4,Not What If   What Next (Part I: Morphine)
2012-11-09,0,0,,,0,0,,
2012-11-10,0,0,,,2,1.0231720822223864,547d6f4e503b0b25cceb27aa,"If 2012 was like 2004, then 2014 can be our 2006"
2012-11-11,0,0,,,0,0.9134638200760383,,
2012-11-12,0,0,,,16182,2.1281071337650763,547ddc2b503b0b28339c7ac4,"Assimilation, not amnesty"
2012-11-13,0,0,,,3,0.9068117599450343,547d6f4c503b0b25cceb27a7,Changing Demographics Threaten Republican Texas
2012-11-14,0,0,,,0,0,,
2012-11-15,0,0,,,262,2.3267374990154606,547d6f4a503b0b25cceb27a5,"Obama s I won, let s compromise and do things my way post-election press conference"
2012-11-16,0,0,,,0,0,,
2012-11-17,0,0,,,0,0.9258033398765038,,
2012-11-18,0,0,,,0,0,,
2012-11-19,0,0,,,0,0,,
2012-11-20,0,0,,,0,0,,
2012-11-21,0,0,,,0,0,,
2012-11-22,0,0,,,0,0,,
2012-11-23,0,0,,,0,0,,
2012-11-24,0,0,,,0,0,,
2012-11-25,0,0,,,0,1.0607889594148574,,
2012-11-26,0,0,,,0,0,,
2012-11-27,0,0,,,337,0.997281012856903,547d723a503b0b25cceb29b1,Regarding Saxby Chambliss
2012-11-28,0,0,,,0,0,,
2012-11-29,0,0,,,0,0,,
2012-11-30,0,0,,,2,2.950173594646192,547d6bf7503b0b25cceb2573,"Election 2012: Independents lose 36-year status as bellwether, emphasizing need for Republican leadership on school vouchers and immigration reform"
2012-12-01,0,0,,,0,0,,
2012-12-02,0,0,,,479,0.9758321111105883,547d6bf6503b0b25cceb2572,House Passes STEM Immigration Reform. Racialists Go Crazy.
2012-12-03,0,0,,,0,0.9610204463984964,,
2012-12-04,0,0,,,0,0,,
2012-12-05,0,0,,,0,0,,
2012-12-06,0,0,,,0,0.980062395997318,,
2012-12-07,0,0,,,0,0.8647634580201455,,
2012-12-08,0,0,,,0,0,,
2012-12-09,0,0,,,0,0,,
2012-12-10,0,0,,,0,0,,
2012-12-11,0,0,,,0,0,,
2012-12-12,0,0,,,0,0,,
2012-12-13,0,0,,,0,0,,
2012-12-14,0,0,,,0,1.0146690982197502,,
2012-12-15,0,0,,,0,0,,
2012-12-16,0,0,,,0,0,,
2012-12-17,0,0,,,0,0,,
2012-12-18,0,0,,,0,0,,
2012-12-19,0,0,,,0,0,,
2012-12-20,0,0,,,0,0,,
2012-12-21,0,0,,,0,0,,
2012-12-22,0,0,,,0,0,,
2012-12-23,0,0,,,0,0,,
2012-12-24,0,0,,,0,0,,
2012-12-25,0,0,,,0,0,,
2012-12-26,0,0,,,0,0,,
2012-12-27,0,0,,,0,0.924363721147509,,
2012-12-28,0,0,,,0,0,,
2012-12-29,0,0,,,0,0,,
2012-12-30,0,0,,,0,0,,
2012-12-31,0,0,,,0,0,,
2013-01-01,0,0,,,0,0,,
2013-01-02,0,0,,,0,0,,
2013-01-03,0,0,,,0,0,,
2013-01-04,0,0,,,0,0,,
2013-01-05,0,0,,,0,0.9534736699560913,,
2013-01-06,0,0,,,0,0,,
2013-01-07,0,0,,,0,0.8989564048308132,,
2013-01-08,0,0,,,0,0.9015158930285998,,
2013-01-09,0,0,,,0,0,,
2013-01-10,0,0,,,0,0,,
2013-01-11,0,0,,,0,0,,
2013-01-12,0,0,,,0,0,,
2013-01-13,0,0,,,0,0,,
2013-01-14,0,0,,,0,0,,
2013-01-15,0,0,,,1,1.4211841485223342,547d7237503b0b25cceb29ae,Assessing the 2016 Republican Possibilities- Part 1
2013-01-16,0,0,,,0,1.671478023047178,,
2013-01-17,0,0,,,0,0,,
2013-01-18,0,0,,,0,0,,
2013-01-19,0,0,,,0,1.0049480355491167,,
2013-01-20,0,0,,,0,0,,
2013-01-21,0,0,,,0,1.0263298661450833,,
2013-01-22,0,0,,,102,1.1272219793666294,547d7236503b0b25cceb29ad,A quick look back at Obama s first term
2013-01-23,0,0,,,0,0,,
2013-01-24,0,0,,,81,1.0121645041402823,547d6f39503b0b25cceb2799,"Harry Reid  does not *cave* on the filibuster.  Rather, he *disengages*."
2013-01-25,0,0,,,0,0,,
2013-01-26,0,0,,,0,1.0198125706378987,,
2013-01-27,0,0,,,0,0,,
2013-01-28,0,0,,,9779,3.8521995566149583,547ddc2a503b0b28339c7ac2,Amnesty plus Obamacare = fiscal nightmare
2013-01-29,0,0,,,1138,3.841117763563601,547ddc14503b0b28339c7a9f,"The $2 million 'immigration reform' speech: Obama flying from DC to Las Vegas for address at a high school, then flying back to DC"
2013-01-30,0,0,,,2405,3.2331587874254524,547ddc29503b0b28339c7ac1,Amnesty gang to law-abiders: You're chumps!
2013-01-31,0,0,,,165,1.9609369140907633,547d6bf4503b0b25cceb256e,2013 Comprehensive Immigration Reform
2013-02-01,0,0,,,141,1.0109547607583567,547d722b503b0b25cceb29aa,Schumer: Indeed Enforcement is Not a Precondition to Citizenship
2013-02-02,0,0,,,0,0.9964751073086421,,
2013-02-03,0,0,,,8,1.000295251461519,547d6f29503b0b25cceb278f,"Groundhog Gen. Beauregard Lee, SB XLVII and global warming"
2013-02-04,0,0,,,0,0,,
2013-02-05,0,0,,,0,1.8667799857507923,,
2013-02-06,0,0,,,843,0.9826127324554415,547d6c8b503b0b25cceb25e9,Peeking Into the Legal Immigration Numbers
2013-02-07,0,0,,,990,1.0180312230718571,547d6f25503b0b25cceb278b,"ICE Union Bombshell: ICE  Guided  By Illegal Alien Interest Groups, Agents  Prohibited  From Enforcing Laws"
2013-02-08,0,0,,,0,0,,
2013-02-09,0,0,,,0,0,,
2013-02-10,0,0,,,0,0,,
2013-02-11,0,0,,,1301,0.9629488552774053,547d6f23503b0b25cceb2788,"Dear Howard Kurtz et al, Let Me Explain Why Conservatives Hate The Press Corps With One Easy Example"
2013-02-12,0,0,,,37,1.1386589954216566,547d6c8a503b0b25cceb25e8,Verify Immigration Enforcement; Don t Trust
2013-02-13,0,0,,,0,0.9613071073746315,,
2013-02-14,0,0,,,0,0,,
2013-02-15,0,0,,,0,0,,
2013-02-16,0,0,,,792,0.9859610218098644,547d7229503b0b25cceb29a7,Ted Cruz: The Paradigm Shift We Need
2013-02-17,0,0,,,0,0,,
2013-02-18,0,0,,,0,0,,
2013-02-19,0,0,,,0,0,,
2013-02-20,0,0,,,0,0,,
2013-02-21,0,0,,,68,1.0199378657967522,547d6c8a503b0b25cceb25e7,Immigration as a Public Charge
2013-02-22,0,0,,,0,0,,
2013-02-23,0,0,,,0,0,,
2013-02-24,0,0,,,0,0.98340679250931,,
2013-02-25,0,0,,,0,2.7208940978679097,,
2013-02-26,0,0,,,0,0,,
2013-02-27,0,0,,,194,0.961697480123742,547d6f20503b0b25cceb2783,Who is Going to Put an End to the McCain/Graham Circus?
2013-02-28,0,0,,,0,0,,
2013-03-01,0,0,,,0,0,,
2013-03-02,0,0,,,0,0,,
2013-03-03,0,0,,,0,0,,
2013-03-04,0,0,,,2100,1.0259467571979246,547d6f1f503b0b25cceb2782,Circle The Wagons: The Left Goes Gunning For Texas
2013-03-05,0,0,,,0,0.91426543790273,,
2013-03-06,0,0,,,0,0,,
2013-03-07,0,0,,,49,0.9320629004902019,547d6f1e503b0b25cceb2781,"Union Briefs for Thurs., March 7, 2013: NLRB Smackdowns, Alinsky & Mud Slinging "
2013-03-08,0,0,,,0,0,,
2013-03-09,0,0,,,0,0,,
2013-03-10,0,0,,,0,0,,
2013-03-11,0,0,,,63,1.0213805536049452,547d6f14503b0b25cceb2780,Deciphering Man from Pig
2013-03-12,0,0,,,0,0,,
2013-03-13,0,0,,,67,1.0256598109649544,547d6f13503b0b25cceb277f,"Union Briefs for Wed., March 13, 2013: SCOTUS to hear constitutionality of Obama s NLRB "
2013-03-14,0,0,,,0,0,,
2013-03-15,0,0,,,58,0.9915290885622712,547d6f13503b0b25cceb277e,"Organizing for America is still underperforming.  Shocker, I know."
2013-03-16,0,0,,,0,0,,
2013-03-17,0,0,,,0,0,,
2013-03-18,0,0,,,19,1.2533393290982437,547d7228503b0b25cceb29a6,The true  path to citizenship 
2013-03-19,0,0,,,7771,1.4451535693634792,547d6f11503b0b25cceb277c,The Associated Press Reads More Into Rand Paul s Speech Than is There
2013-03-20,0,0,,,166,1.721214763252282,547d6c86503b0b25cceb25e2,Illegal Immigration and the Pesky GOP Base
2013-03-21,0,0,,,1,1.288337790704107,547d6f10503b0b25cceb2779,Lindsey Graham Enshrined In The G.O.P. Hall Of Shame
2013-03-22,0,0,,,77,1.0101248175200035,547d6f0f503b0b25cceb2778,"Open borders, hollow government"
2013-03-23,0,0,,,0,0,,
2013-03-24,0,0,,,0,1.425968539284213,,
2013-03-25,0,0,,,51,0.8801112721080114,547d6bf2503b0b25cceb256c,"Union Briefs for Mon., March 24, 2013: AFL-CIO Boss Wants Immigration Reform to Include Workers  Families?"
2013-03-26,0,0,,,330,0.9942199310000496,547d6bf2503b0b25cceb256b,Immigration Reform: Are Obama & AFL-CIO Bosses Using  Poison Pills  To Kill Latinos  Dreams Again?
2013-03-27,0,0,,,13045,2.1910504648324256,547ddcaf503b0b28339c7b7b,Reminder: How Mexico Treats  Undesirable  Foreigners
2013-03-28,0,0,,,42,1.005136355361958,547d6f0e503b0b25cceb2776,"Union Briefs for March 28, 2013: SSDD Teamsters Strike, UAW Hypocrites & Teachers Union Boss Lies"
2013-03-29,0,0,,,0,1.1461344375366274,,
2013-03-30,0,0,,,545,0.9737870631328382,547d6c84503b0b25cceb25df,"The Slipperiest of Slopes: Immigration  Compromise,  A Really Bad Deal In Any Economy"
2013-03-31,0,0,,,0,0,,
2013-04-01,0,0,,,155,1.0755418654369682,547d6c84503b0b25cceb25de,Calculating The  Prevailing Wage  Costs Of A Bad Immigration Compromise
2013-04-02,0,0,,,208,0.9974561400525627,547d6c83503b0b25cceb25dd,Considering Immigration
2013-04-03,0,0,,,0,1.4672280140624783,,
2013-04-04,0,0,,,571,2.030361483873893,547ddc29503b0b28339c7ac0,Obama on Pelosi: She never lets ideology cloud her judgment
2013-04-05,0,0,,,0,1.0322088939434098,,
2013-04-06,0,0,,,0,0,,
2013-04-07,0,0,,,0,0,,
2013-04-08,0,0,,,2,0.9888577233032132,547d6bf0503b0b25cceb2569,Conservative Solutions Needed for Meaningful Immigration Reform
2013-04-09,0,0,,,0,0,,
2013-04-10,0,0,,,724,0.973228995798649,547d7226503b0b25cceb29a3,"Taxes, Guns, and Chuck Schumer as GOP Leader"
2013-04-11,0,0,,,78,1.9216645517862168,547d6c79503b0b25cceb25db,The Fundamental Flaws with Comprehensive Immigration Deform
2013-04-12,0,0,,,377,0.9821770104089325,547ddc28503b0b28339c7abf,Object Lesson:  Temporary  Amnesty Never Dies
2013-04-13,0,0,,,0,0,,
2013-04-14,0,0,,,0,1.114589357293546,,
2013-04-15,0,0,,,2605,2.398534641708605,547d6c78503b0b25cceb25da,They Lied to us Then About Immigration; They are Lying Now
2013-04-16,0,0,,,0,1.089990043303151,,
2013-04-17,0,0,,,0,0.980079597387512,,
2013-04-18,0,0,,,300,1.1180383330456478,547d6c77503b0b25cceb25d8,The Obamacare-Style Waiver Authority of Immigration Bill Nullifies Talking Points
2013-04-19,0,0,,,93,1.3352988784909186,547d6c76503b0b25cceb25d7,Here are Some Dynamic Scoring Ideas for the Immigration Deform Bill
2013-04-20,0,0,,,0,0,,
2013-04-21,0,0,,,1,0.9843764390249377,547d6c76503b0b25cceb25d5,Immigration Deform Bill is a National Security Risk
2013-04-22,0,0,,,194,5.832760811963659,547d6ef8503b0b25cceb2764,Government without objective
2013-04-23,0,0,,,1221,3.011403162596501,547ddc27503b0b28339c7abe,Dissecting the Gang of 8 s enforcement sham
2013-04-24,0,0,,,261,1.5856931423642644,547d6c75503b0b25cceb25d4,The people who broke immigration will not help fix it
2013-04-25,0,0,,,395,1.1893137309209936,547d6c74503b0b25cceb25d3,"More immigration bill disappointments: the  back tax  provision is a fraud, and provisional residents CAN get welfare"
2013-04-26,0,0,,,1087,1.3961503327761258,547ddc27503b0b28339c7abd,A National Security History Lesson for Marco Rubio
2013-04-27,0,0,,,0,0,,
2013-04-28,0,0,,,0,0,,
2013-04-29,0,0,,,9,2.4831463741191397,547d6ee7503b0b25cceb2756,Colorado Violates Federal Law With Passage Of In-State Tuition Rate For Illegal Immigrants
2013-04-30,0,0,,,740,1.229689964415225,547d6ee7503b0b25cceb2755,Food stamps for illegal aliens
2013-05-01,0,0,,,5,2.2235197643263396,547d6ed6503b0b25cceb2751,It s Time to Codify the Hastert Rule
2013-05-02,0,0,,,4,1.006735760521945,547d721f503b0b25cceb299f,Obama House of Cards About to Come Down! Benghazi Whistle-Blowers Finally Coming Forth!
2013-05-03,0,0,,,70,0.9208692502891157,547d6ed6503b0b25cceb2750,Protect America First
2013-05-04,0,0,,,0,1.024011707621555,,
2013-05-05,0,0,,,0,0.9585633780159273,,
2013-05-06,0,0,,,27,2.096275777928155,547d721e503b0b25cceb299d,Robert Rector s Study: Open Borders + Welfare State = Disaster
2013-05-07,0,0,,,389,2.0052823812629024,547d7214503b0b25cceb299c,Egregious Ads and Polls from Mark Zuckerberg s Front Group
2013-05-08,0,0,,,0,0,,
2013-05-09,0,0,,,1365,0.9400684691656379,547ddcae503b0b28339c7b7a,The crucifixion of Jason Richwine; Update: Richwine resigns
2013-05-10,0,0,,,0,0.9812057602274996,,
2013-05-11,0,0,,,0,0,,
2013-05-12,0,0,,,0,0,,
2013-05-13,0,0,,,0,0,,
2013-05-14,0,0,,,0,0,,
2013-05-15,0,0,,,39,2.011183774395632,547d7213503b0b25cceb299a,Embattled Eric Holder Promises Gun Control
2013-05-16,0,0,,,22,0.9033998719826307,547d6ecf503b0b25cceb2745,"The Obama Scandals Aren t About Bad Government, but Big Government"
2013-05-17,0,0,,,0,0,,
2013-05-18,0,0,,,0,0,,
2013-05-19,0,0,,,0,0,,
2013-05-20,0,0,,,28,1.2332380134854433,547d7212503b0b25cceb2999,The House Judiciary Committee s Moment to Shine
2013-05-21,0,0,,,235,3.326148523763842,547d6c73503b0b25cceb25d0,Mitch McConnell Supports Schumer s Amnesty/Immigration Deform Bill
2013-05-22,0,0,,,191,1.111447620973438,547d6bed503b0b25cceb2565, Immigration Reform  and Political Parlance
2013-05-23,0,0,,,0,0,,
2013-05-24,0,0,,,0,0,,
2013-05-25,0,0,,,0,0,,
2013-05-26,0,0,,,0,0,,
2013-05-27,0,0,,,4,1.0127319912611958,547d6ec6503b0b25cceb2744,Thank GOODNESS Bob Dole could NOT make it in today s GOP
2013-05-28,0,0,,,116,2.0623589272869465,547d6c72503b0b25cceb25cf,Comprehensive Amnesty Reform Could Lead To Fascism.
2013-05-29,0,0,,,741,1.5246064123647574,547d7212503b0b25cceb2998,Go Big or Go Home
2013-05-30,0,0,,,0,1.0145103394686956,,